Employee_ID,Name,Department,Salary,Age
1,Bob Wilson,Marketing,82251,45.0
2,Jane Brown,Sales,52662,36.0
3,Emma Miller,Finance,38392,53.0
4,John Miller,Sales,60535,53.0
5,Emma Davis,Sales,43067,
6,Grace Jones,HR,78033,33.0
7,John Wilson,Finance,82256,23.0
8,Hannah Smith,Finance,53599,24.0
9,Alice Jones,Finance,65222,58.0
10,Emma Williams,Sales,41837,
11,Emma Johnson,Marketing,44039,
12,David Smith,Finance,88148,23.0
13,Jane Garcia,Sales,60818,49.0
14,Jane Garcia,HR,49115,44.0
15,Grace Brown,Marketing,40965,
16,Jane Smith,HR,54538,53.0
17,Jane Garcia,Marketing,72530,54.0
18,Alice Miller,Sales,35056,22.0
19,Charlie Williams,IT,62482,40.0
20,Bob Jones,Marketing,77716,23.0
21,Alice Jones,HR,38110,47.0
22,Grace Garcia,Sales,43773,53.0
23,Bob Brown,Marketing,57266,27.0
24,Emma Davis,IT,82992,53.0
25,Hannah Brown,IT,47412,25.0
26,Jane Davis,Finance,86537,32.0
27,Jane Rodriguez,Finance,63270,38.0
28,John Brown,HR,36910,59.0
29,John Miller,Marketing,75453,45.0
30,Grace Brown,Marketing,55446,26.0
31,David Rodriguez,Finance,86090,55.0
32,Charlie Smith,Marketing,83640,27.0
33,Frank Rodriguez,Marketing,30206,43.0
34,Emma Williams,IT,51518,
35,Jane Brown,Finance,52361,37.0
36,John Rodriguez,Sales,86873,54.0
37,Hannah Miller,Finance,53419,30.0
38,Frank Jones,Sales,80636,27.0
39,Jane Rodriguez,IT,87010,37.0
40,Jane Garcia,HR,78702,50.0
41,Frank Wilson,Marketing,80015,24.0
42,Charlie Johnson,IT,81942,41.0
43,Frank Williams,Marketing,86560,
44,Emma Miller,HR,71523,40.0
45,Jane Williams,HR,84268,47.0
46,Grace Smith,IT,75151,24.0
47,Hannah Garcia,HR,52403,40.0
48,John Miller,Sales,48141,41.0
49,Frank Smith,HR,44820,53.0
50,Hannah Jones,Marketing,70342,28.0
51,Hannah Smith,Marketing,36374,54.0
52,David Garcia,Marketing,86044,39.0
53,Bob Rodriguez,Marketing,31678,22.0
54,Jane Williams,Sales,82394,32.0
55,Hannah Williams,Finance,83788,49.0
56,Grace Jones,IT,63827,
57,Alice Rodriguez,Marketing,85820,44.0
58,Bob Rodriguez,HR,46198,52.0
59,John Miller,Marketing,39914,51.0
60,Emma Jones,HR,57890,56.0
61,David Brown,HR,82309,28.0
62,Bob Williams,Marketing,52299,37.0
63,Grace Brown,Sales,73585,47.0
64,Alice Miller,HR,73689,23.0
65,Jane Miller,HR,72557,22.0
66,Hannah Brown,Marketing,79080,
67,Frank Brown,HR,74020,26.0
68,Emma Brown,HR,32693,58.0
69,Emma Garcia,Marketing,59467,53.0
70,Bob Rodriguez,Marketing,59723,30.0
71,Charlie Williams,IT,76699,56.0
72,Hannah Davis,Sales,33627,40.0
73,David Johnson,Sales,55939,37.0
74,Frank Smith,HR,78925,24.0
75,John Rodriguez,Sales,72941,41.0
76,Frank Miller,HR,51834,45.0
77,Frank Wilson,IT,48047,54.0
78,Bob Miller,Marketing,56105,45.0
79,David Jones,Marketing,40230,32.0
80,Alice Davis,Marketing,45707,29.0
81,David Garcia,Sales,51976,57.0
82,Jane Wilson,IT,74262,59.0
83,Grace Miller,Sales,89581,41.0
84,Hannah Rodriguez,Sales,53776,56.0
85,David Williams,IT,60080,46.0
86,Alice Johnson,IT,31306,56.0
87,Alice Brown,IT,36776,46.0
88,Charlie Johnson,IT,57251,50.0
89,Emma Rodriguez,Marketing,85016,39.0
90,David Wilson,Finance,39474,39.0
91,Bob Brown,Finance,70294,23.0
92,Frank Davis,IT,88053,56.0
93,Emma Miller,Finance,51959,
94,Grace Williams,Finance,35530,57.0
95,David Johnson,IT,59320,54.0
96,Grace Davis,Finance,83565,25.0
97,Alice Jones,Sales,33748,54.0
98,Grace Smith,HR,61968,
99,Jane Brown,HR,62562,42.0
100,Charlie Brown,IT,43545,41.0
